<?xml version="1.0" encoding ="utf-8"?>
<swc xmlns="http://www.adobe.com/flash/swccatalog/9">
  <versions>
    <swc version="1.2" />
    <flex version="4.6.0" build="23201" minimumSupportedVersion="3.0.0" />
  </versions>
  <features>
    <feature-script-deps />
    <feature-files />
  </features>
  <libraries>
    <library path="library.swf">
      <script name="com/numeda/OculusANE/OculusANE" mod="1369733115000" signatureChecksum="1204182374" >
        <def id="com.numeda.OculusANE:OculusANE" /> 
        <dep id="flash.external:ExtensionContext" type="e" /> 
        <dep id="Error" type="e" /> 
        <dep id="flash.external:ExtensionContext" type="s" /> 
        <dep id="AS3" type="n" /> 
        <dep id="flash.events:EventDispatcher" type="i" /> 
      </script>
      <script name="_42d22f7d30db7a3172d399d94ca77236b7aef301d4f3a5de21a12bb158a8e7b4_flash_display_Sprite" mod="1370233887855" signatureChecksum="2829351629" >
        <def id="_42d22f7d30db7a3172d399d94ca77236b7aef301d4f3a5de21a12bb158a8e7b4_flash_display_Sprite" /> 
        <dep id="flash.system:Security" type="e" /> 
        <dep id="AS3" type="n" /> 
        <dep id="flash.display:Sprite" type="i" /> 
      </script>
      <digests>
        <digest type="SHA-256" signed="false" value="f1da36e0a6f9954793430c747436c3fa86fce6cee1c14f22e7b1472a1892d738"   />
      </digests>
    </library>
  </libraries>
  <files>
  </files>
</swc>
